pvs,src
https://d2ohiy53hu70uz.cloudfront.net/1080_videoSRC05_30.mp4,https://d2ohiy53hu70uz.cloudfront.net/1080_videoSRC05_24.mp4
https://d2ohiy53hu70uz.cloudfront.net/1080_videoSRC05_36.mp4,https://d2ohiy53hu70uz.cloudfront.net/1080_videoSRC05_24.mp4
https://d2ohiy53hu70uz.cloudfront.net/1080_videoSRC05_42.mp4,https://d2ohiy53hu70uz.cloudfront.net/1080_videoSRC05_24.mp4
https://d2ohiy53hu70uz.cloudfront.net/1080_videoSRC05_44.mp4,https://d2ohiy53hu70uz.cloudfront.net/1080_videoSRC05_24.mp4
https://d2ohiy53hu70uz.cloudfront.net/1080_videoSRC05_46.mp4,https://d2ohiy53hu70uz.cloudfront.net/1080_videoSRC05_24.mp4
https://d2ohiy53hu70uz.cloudfront.net/1080_videoSRC05_48.mp4,https://d2ohiy53hu70uz.cloudfront.net/1080_videoSRC05_24.mp4
https://d2ohiy53hu70uz.cloudfront.net/1080_videoSRC14_30.mp4,https://d2ohiy53hu70uz.cloudfront.net/1080_videoSRC14_24.mp4
https://d2ohiy53hu70uz.cloudfront.net/1080_videoSRC14_36.mp4,https://d2ohiy53hu70uz.cloudfront.net/1080_videoSRC14_24.mp4
https://d2ohiy53hu70uz.cloudfront.net/1080_videoSRC14_42.mp4,https://d2ohiy53hu70uz.cloudfront.net/1080_videoSRC14_24.mp4
https://d2ohiy53hu70uz.cloudfront.net/1080_videoSRC14_44.mp4,https://d2ohiy53hu70uz.cloudfront.net/1080_videoSRC14_24.mp4
https://d2ohiy53hu70uz.cloudfront.net/1080_videoSRC14_46.mp4,https://d2ohiy53hu70uz.cloudfront.net/1080_videoSRC14_24.mp4
https://d2ohiy53hu70uz.cloudfront.net/1080_videoSRC14_48.mp4,https://d2ohiy53hu70uz.cloudfront.net/1080_videoSRC14_24.mp4
https://d2ohiy53hu70uz.cloudfront.net/1080_videoSRC22_30.mp4,https://d2ohiy53hu70uz.cloudfront.net/1080_videoSRC22_24.mp4
https://d2ohiy53hu70uz.cloudfront.net/1080_videoSRC22_36.mp4,https://d2ohiy53hu70uz.cloudfront.net/1080_videoSRC22_24.mp4
https://d2ohiy53hu70uz.cloudfront.net/1080_videoSRC22_42.mp4,https://d2ohiy53hu70uz.cloudfront.net/1080_videoSRC22_24.mp4
https://d2ohiy53hu70uz.cloudfront.net/1080_videoSRC22_44.mp4,https://d2ohiy53hu70uz.cloudfront.net/1080_videoSRC22_24.mp4
https://d2ohiy53hu70uz.cloudfront.net/1080_videoSRC22_46.mp4,https://d2ohiy53hu70uz.cloudfront.net/1080_videoSRC22_24.mp4
https://d2ohiy53hu70uz.cloudfront.net/1080_videoSRC22_48.mp4,https://d2ohiy53hu70uz.cloudfront.net/1080_videoSRC22_24.mp4
https://d2ohiy53hu70uz.cloudfront.net/1080_videoSRC23_30.mp4,https://d2ohiy53hu70uz.cloudfront.net/1080_videoSRC23_24.mp4
https://d2ohiy53hu70uz.cloudfront.net/1080_videoSRC23_36.mp4,https://d2ohiy53hu70uz.cloudfront.net/1080_videoSRC23_24.mp4
https://d2ohiy53hu70uz.cloudfront.net/1080_videoSRC23_42.mp4,https://d2ohiy53hu70uz.cloudfront.net/1080_videoSRC23_24.mp4
https://d2ohiy53hu70uz.cloudfront.net/1080_videoSRC23_44.mp4,https://d2ohiy53hu70uz.cloudfront.net/1080_videoSRC23_24.mp4
https://d2ohiy53hu70uz.cloudfront.net/1080_videoSRC23_46.mp4,https://d2ohiy53hu70uz.cloudfront.net/1080_videoSRC23_24.mp4
https://d2ohiy53hu70uz.cloudfront.net/1080_videoSRC23_48.mp4,https://d2ohiy53hu70uz.cloudfront.net/1080_videoSRC23_24.mp4
https://d2ohiy53hu70uz.cloudfront.net/1080_videoSRC25_30.mp4,https://d2ohiy53hu70uz.cloudfront.net/1080_videoSRC25_24.mp4
https://d2ohiy53hu70uz.cloudfront.net/1080_videoSRC25_36.mp4,https://d2ohiy53hu70uz.cloudfront.net/1080_videoSRC25_24.mp4
https://d2ohiy53hu70uz.cloudfront.net/1080_videoSRC25_42.mp4,https://d2ohiy53hu70uz.cloudfront.net/1080_videoSRC25_24.mp4
https://d2ohiy53hu70uz.cloudfront.net/1080_videoSRC25_44.mp4,https://d2ohiy53hu70uz.cloudfront.net/1080_videoSRC25_24.mp4
https://d2ohiy53hu70uz.cloudfront.net/1080_videoSRC25_46.mp4,https://d2ohiy53hu70uz.cloudfront.net/1080_videoSRC25_24.mp4
https://d2ohiy53hu70uz.cloudfront.net/1080_videoSRC25_48.mp4,https://d2ohiy53hu70uz.cloudfront.net/1080_videoSRC25_24.mp4
https://d2ohiy53hu70uz.cloudfront.net/1080_videoSRC05_40.mp4,https://d2ohiy53hu70uz.cloudfront.net/1080_videoSRC05_24.mp4
https://d2ohiy53hu70uz.cloudfront.net/1080_videoSRC14_40.mp4,https://d2ohiy53hu70uz.cloudfront.net/1080_videoSRC14_24.mp4
https://d2ohiy53hu70uz.cloudfront.net/1080_videoSRC22_40.mp4,https://d2ohiy53hu70uz.cloudfront.net/1080_videoSRC22_24.mp4
https://d2ohiy53hu70uz.cloudfront.net/1080_videoSRC23_40.mp4,https://d2ohiy53hu70uz.cloudfront.net/1080_videoSRC23_24.mp4
https://d2ohiy53hu70uz.cloudfront.net/1080_videoSRC25_40.mp4,https://d2ohiy53hu70uz.cloudfront.net/1080_videoSRC25_24.mp4
https://d2ohiy53hu70uz.cloudfront.net/720_videoSRC05_30.mp4,https://d2ohiy53hu70uz.cloudfront.net/720_videoSRC05_24.mp4
https://d2ohiy53hu70uz.cloudfront.net/720_videoSRC05_36.mp4,https://d2ohiy53hu70uz.cloudfront.net/720_videoSRC05_24.mp4
https://d2ohiy53hu70uz.cloudfront.net/720_videoSRC05_42.mp4,https://d2ohiy53hu70uz.cloudfront.net/720_videoSRC05_24.mp4
https://d2ohiy53hu70uz.cloudfront.net/720_videoSRC05_44.mp4,https://d2ohiy53hu70uz.cloudfront.net/720_videoSRC05_24.mp4
https://d2ohiy53hu70uz.cloudfront.net/720_videoSRC05_46.mp4,https://d2ohiy53hu70uz.cloudfront.net/720_videoSRC05_24.mp4
https://d2ohiy53hu70uz.cloudfront.net/720_videoSRC05_48.mp4,https://d2ohiy53hu70uz.cloudfront.net/720_videoSRC05_24.mp4
https://d2ohiy53hu70uz.cloudfront.net/720_videoSRC14_30.mp4,https://d2ohiy53hu70uz.cloudfront.net/720_videoSRC14_24.mp4
https://d2ohiy53hu70uz.cloudfront.net/720_videoSRC14_36.mp4,https://d2ohiy53hu70uz.cloudfront.net/720_videoSRC14_24.mp4
https://d2ohiy53hu70uz.cloudfront.net/720_videoSRC14_42.mp4,https://d2ohiy53hu70uz.cloudfront.net/720_videoSRC14_24.mp4
https://d2ohiy53hu70uz.cloudfront.net/720_videoSRC14_44.mp4,https://d2ohiy53hu70uz.cloudfront.net/720_videoSRC14_24.mp4
https://d2ohiy53hu70uz.cloudfront.net/720_videoSRC14_46.mp4,https://d2ohiy53hu70uz.cloudfront.net/720_videoSRC14_24.mp4
https://d2ohiy53hu70uz.cloudfront.net/720_videoSRC14_48.mp4,https://d2ohiy53hu70uz.cloudfront.net/720_videoSRC14_24.mp4
https://d2ohiy53hu70uz.cloudfront.net/720_videoSRC22_30.mp4,https://d2ohiy53hu70uz.cloudfront.net/720_videoSRC22_24.mp4
https://d2ohiy53hu70uz.cloudfront.net/720_videoSRC22_36.mp4,https://d2ohiy53hu70uz.cloudfront.net/720_videoSRC22_24.mp4
https://d2ohiy53hu70uz.cloudfront.net/720_videoSRC22_42.mp4,https://d2ohiy53hu70uz.cloudfront.net/720_videoSRC22_24.mp4
https://d2ohiy53hu70uz.cloudfront.net/720_videoSRC22_44.mp4,https://d2ohiy53hu70uz.cloudfront.net/720_videoSRC22_24.mp4
https://d2ohiy53hu70uz.cloudfront.net/720_videoSRC22_46.mp4,https://d2ohiy53hu70uz.cloudfront.net/720_videoSRC22_24.mp4
https://d2ohiy53hu70uz.cloudfront.net/720_videoSRC22_48.mp4,https://d2ohiy53hu70uz.cloudfront.net/720_videoSRC22_24.mp4
https://d2ohiy53hu70uz.cloudfront.net/720_videoSRC23_30.mp4,https://d2ohiy53hu70uz.cloudfront.net/720_videoSRC23_24.mp4
https://d2ohiy53hu70uz.cloudfront.net/720_videoSRC23_36.mp4,https://d2ohiy53hu70uz.cloudfront.net/720_videoSRC23_24.mp4
https://d2ohiy53hu70uz.cloudfront.net/720_videoSRC23_42.mp4,https://d2ohiy53hu70uz.cloudfront.net/720_videoSRC23_24.mp4
https://d2ohiy53hu70uz.cloudfront.net/720_videoSRC23_44.mp4,https://d2ohiy53hu70uz.cloudfront.net/720_videoSRC23_24.mp4
https://d2ohiy53hu70uz.cloudfront.net/720_videoSRC23_46.mp4,https://d2ohiy53hu70uz.cloudfront.net/720_videoSRC23_24.mp4
https://d2ohiy53hu70uz.cloudfront.net/720_videoSRC23_48.mp4,https://d2ohiy53hu70uz.cloudfront.net/720_videoSRC23_24.mp4
https://d2ohiy53hu70uz.cloudfront.net/720_videoSRC25_30.mp4,https://d2ohiy53hu70uz.cloudfront.net/720_videoSRC25_24.mp4
https://d2ohiy53hu70uz.cloudfront.net/720_videoSRC25_36.mp4,https://d2ohiy53hu70uz.cloudfront.net/720_videoSRC25_24.mp4
https://d2ohiy53hu70uz.cloudfront.net/720_videoSRC25_42.mp4,https://d2ohiy53hu70uz.cloudfront.net/720_videoSRC25_24.mp4
https://d2ohiy53hu70uz.cloudfront.net/720_videoSRC25_44.mp4,https://d2ohiy53hu70uz.cloudfront.net/720_videoSRC25_24.mp4
https://d2ohiy53hu70uz.cloudfront.net/720_videoSRC25_46.mp4,https://d2ohiy53hu70uz.cloudfront.net/720_videoSRC25_24.mp4
https://d2ohiy53hu70uz.cloudfront.net/720_videoSRC25_48.mp4,https://d2ohiy53hu70uz.cloudfront.net/720_videoSRC25_24.mp4
https://d2ohiy53hu70uz.cloudfront.net/720_videoSRC05_40.mp4,https://d2ohiy53hu70uz.cloudfront.net/720_videoSRC05_24.mp4
https://d2ohiy53hu70uz.cloudfront.net/720_videoSRC14_40.mp4,https://d2ohiy53hu70uz.cloudfront.net/720_videoSRC14_24.mp4
https://d2ohiy53hu70uz.cloudfront.net/720_videoSRC22_40.mp4,https://d2ohiy53hu70uz.cloudfront.net/720_videoSRC22_24.mp4
https://d2ohiy53hu70uz.cloudfront.net/720_videoSRC23_40.mp4,https://d2ohiy53hu70uz.cloudfront.net/720_videoSRC23_24.mp4
https://d2ohiy53hu70uz.cloudfront.net/720_videoSRC25_40.mp4,https://d2ohiy53hu70uz.cloudfront.net/720_videoSRC25_24.mp4
